Rank,WSID,Overall,Team,Pos,Bye,Best,Worst,Avg,Std Dev,ADP,vs. ADP
1,,Le'Veon Bell,PIT,RB1,7,1,8,2,1.3,2,1
2,,Todd Gurley,LAR,RB2,12,1,6,2.1,1.2,1,-1
3,,David Johnson,ARI,RB3,9,1,11,4,2.2,3,0
4,,Antonio Brown,PIT,WR1,7,1,11,4.1,1.8,5,1
5,,Ezekiel Elliott,DAL,RB4,8,1,15,5.5,2.7,4,-1
6,,DeAndre Hopkins,HOU,WR2,10,3,16,7.5,2.5,8,2
7,,Alvin Kamara,NO,RB5,6,2,22,7.9,4.1,6,-1
8,,Odell Beckham Jr.,NYG,WR3,9,3,16,8.4,2.6,10,2
9,,Saquon Barkley,NYG,RB6,9,3,23,9.7,4.3,7,-2
10,,Julio Jones,ATL,WR4,8,2,20,10.4,2.9,14,4
11,,Michael Thomas,NO,WR5,6,3,20,11.6,3,15,4
12,,Keenan Allen,LAC,WR6,8,5,21,12.5,3.5,16,4
13,,Melvin Gordon,LAC,RB7,8,6,32,14.2,5.8,11,-2
14,,Kareem Hunt,KC,RB8,12,6,33,15.3,5.7,9,-5
15,,A.J. Green,CIN,WR7,9,9,25,15.8,3.1,19,4
16,,Davante Adams,GB,WR8,7,9,28,16.7,4.1,18,2
17,,Leonard Fournette,JAC,RB9,9,7,51,18.4,7.5,12,-5
18,,Dalvin Cook,MIN,RB10,10,7,39,18.9,6,13,-5
19,,Christian McCaffrey,CAR,RB11,4,6,73,20.2,10,17,-2
20,,Mike Evans,TB,WR9,5,10,45,23.5,6.1,22,2
21,,Rob Gronkowski,NE,TE1,11,14,58,24.6,9.1,21,0
22,,T.Y. Hilton,IND,WR10,9,13,49,25.3,6.2,28,6
23,,Devonta Freeman,ATL,RB12,8,13,71,25.4,9.2,20,-3
24,,Larry Fitzgerald,ARI,WR11,9,12,54,26.2,7.3,33,9
25,,Adam Thielen,MIN,WR12,10,15,60,27.8,7.7,29,4
26,,Doug Baldwin,SEA,WR13,7,14,49,28.2,6.7,34,8
27,,Stefon Diggs,MIN,WR14,10,16,48,28.3,6.7,31,4
28,,Travis Kelce,KC,TE2,12,17,70,28.3,8.5,25,-3
29,,Jerick McKinnon,SF,RB13,11,16,78,29.7,12.8,24,-5
30,,Joe Mixon,CIN,RB14,9,14,77,31.8,10.3,23,-7
31,,Tyreek Hill,KC,WR15,12,18,51,33.3,7.1,32,1
32,,Demaryius Thomas,DEN,WR16,10,15,58,33.7,6.5,40,8
33,,Amari Cooper,OAK,WR17,7,15,91,34.2,10.7,36,3
34,,Jordan Howard,CHI,RB15,5,19,78,34.9,9,26,-8
35,,Golden Tate,DET,WR18,6,23,57,35.5,6.1,45,10
36,,Zach Ertz,PHI,TE3,9,14,78,36.7,10.9,35,-1
37,,Jarvis Landry,CLE,WR19,11,20,67,36.9,10.1,38,1
38,,Aaron Rodgers,GB,QB1,7,31,55,38,5.6,30,-8
39,,LeSean McCoy,BUF,RB16,11,16,115,40.1,18.1,27,-12
40,,Allen Robinson,CHI,WR20,5,22,130,40.9,13.9,42,2
41,,Alex Collins,BAL,RB17,10,21,83,44.5,11.9,41,0
42,,JuJu Smith-Schuster,PIT,WR21,7,28,81,46.5,10.1,46,4
43,,Kenyan Drake,MIA,RB18,11,23,103,48.7,16.2,37,-6
44,,Russell Wilson,SEA,QB2,7,32,88,50.5,12.2,55,11
45,,Marvin Jones,DET,WR22,6,32,79,52.2,9.9,52,7
46,,Tom Brady,NE,QB3,11,28,82,52.8,10.4,53,7
47,,Brandin Cooks,LAR,WR23,12,25,100,52.2,13.7,43,-4
48,,Josh Gordon,CLE,WR24,11,19,101,55.1,16.5,48,0
49,,Jay Ajayi,PHI,RB19,9,13,113,55.7,15.6,44,-5
50,,Cam Newton,CAR,QB4,4,31,91,57.7,13.1,64,14
51,,Corey Davis,TEN,WR25,8,31,123,58.9,16.8,61,10
52,,Deshaun Watson,HOU,QB5,10,32,90,59.2,11.8,47,-5
53,,Dion Lewis,TEN,RB20,8,28,105,59.3,16.5,58,5
54,,Alshon Jeffery,PHI,WR26,9,27,139,57.7,18.8,54,0
55,,Lamar Miller,HOU,RB21,10,26,113,58,18,50,-5
56,,Greg Olsen,CAR,TE4,4,18,120,60.6,15.7,59,3
57,,Michael Crabtree,BAL,WR27,10,18,114,59,17.3,65,8
58,,Royce Freeman,DEN,RB22,10,35,109,60.5,16.3,49,-9
59,,Derrick Henry,TEN,RB23,8,29,115,62.1,18.6,39,-20
60,,Chris Hogan,NE,WR28,11,30,167,63.6,22.8,63,3
61,,Mark Ingram,NO,RB24,6,35,140,65.5,18.3,51,-10
62,,Evan Engram,NYG,TE5,9,17,129,68.6,16.8,62,0
63,,Sammy Watkins,KC,WR29,12,38,113,66.9,16.3,71,8
64,,Emmanuel Sanders,DEN,WR30,10,42,124,67.1,18,77,13
65,,Drew Brees,NO,QB6,6,43,107,68.9,13.1,76,11
66,,Jamison Crowder,WAS,WR31,4,42,118,70,16.8,88,22
67,,Delanie Walker,TEN,TE6,8,48,123,71.8,13.8,69,2
68,,Jimmy Graham,GB,TE7,7,47,128,74.2,17.8,60,-8
69,,Pierre Garcon,SF,WR32,11,36,114,72.7,17.4,86,17
70,,Carson Wentz,PHI,QB7,9,35,150,75.6,20.4,66,-4
71,,Cooper Kupp,LAR,WR33,12,46,107,75.6,13.3,91,20
72,,Robert Woods,LAR,WR34,12,39,132,75.8,16.4,81,9
73,,Rex Burkhead,NE,RB25,11,27,158,75.9,29.1,70,-3
74,,Kyle Rudolph,MIN,TE8,10,18,127,78.2,16.8,78,4
75,,Randall Cobb,GB,WR35,7,40,128,77.5,21,96,21
76,,Robby Anderson,NYJ,WR36,11,39,129,78.6,17.5,97,21
77,,Kirk Cousins,MIN,QB8,10,46,121,80.5,17.1,93,16
78,,Marquise Goodwin,SF,WR37,11,43,125,79.2,19.1,80,2
79,,Marshawn Lynch,OAK,RB26,7,46,133,81.9,18.1,68,-11
80,,Tevin Coleman,ATL,RB27,8,35,145,80.7,21.9,72,-8
81,,Devin Funchess,CAR,WR38,4,44,191,84.3,21.2,83,2
82,,Duke Johnson,CLE,RB28,11,35,153,83,26,85,3
83,,Andrew Luck,IND,QB9,9,41,180,86.7,22.8,90,7
84,,Kerryon Johnson,DET,RB29,6,27,164,85.7,27.7,74,-10
85,,Chris Thompson,WAS,RB30,4,39,215,82.3,29.1,82,-3
86,,Matthew Stafford,DET,QB10,6,54,151,88.9,17.7,100,14
87,,Sony Michel,NE,RB31,11,41,145,87.8,24,67,-20
88,,Julian Edelman,NE,WR39,11,52,211,90.5,23.9,75,-13
89,,Tarik Cohen,CHI,RB32,5,52,142,87.8,21.1,79,-10
90,,Will Fuller,HOU,WR40,10,58,134,91.7,16.8,73,-17
91,,Rashaad Penny,SEA,RB33,7,34,180,90.4,30.9,56,-35
92,,Ronald Jones II,TB,RB34,5,38,191,93.5,29.5,57,-35
93,,Nelson Agholor,PHI,WR41,9,55,174,93.6,20.3,103,10
94,,Trey Burton,CHI,TE9,5,56,200,96.8,21.7,99,5
95,,Jordan Reed,WAS,TE10,4,51,166,97.1,18.6,87,-8
96,,Ben Roethlisberger,PIT,QB11,7,53,150,98.1,17.9,105,9
97,,Jordy Nelson,OAK,WR42,7,44,146,94.9,19.6,94,-3
98,,Sterling Shepard,NYG,WR43,9,63,166,100,19.5,104,6
99,,Kenny Stills,MIA,WR44,11,48,252,100.5,28.6,119,20
100,,Philip Rivers,LAC,QB12,8,62,166,104.3,19.4,109,9
101,,Carlos Hyde,CLE,RB35,11,44,157,102.2,25.6,92,-9
102,,Isaiah Crowell,NYJ,RB36,11,61,170,101.2,22.6,84,-18
103,,Kelvin Benjamin,BUF,WR45,11,66,164,102.6,16.5,102,-1
104,,Jimmy Garoppolo,SF,QB13,11,59,155,105.4,20.9,101,-3
105,,Jack Doyle,IND,TE11,9,63,173,104.4,21.5,107,2
106,,Devante Parker,MIA,WR46,11,44,180,104.3,27.2,98,-8
107,,Jamaal Williams,GB,RB37,7,52,169,105.9,27.2,95,-12
108,,Marqise Lee,JAC,WR47,9,60,166,108.7,18,124,16
109,,Marlon Mack,IND,RB38,9,53,164,107.3,24.8,89,-20
110,,Matt Ryan,ATL,QB14,8,62,179,114.2,22.3,106,-4
111,,George Kittle,SF,TE12,11,66,202,117,24.2,123,12
112,,Chris Carson,SEA,RB39,7,19,239,116.6,36.7,113,1
113,,David Njoku,CLE,TE13,11,84,198,120.5,19,115,2
114,,Allen Hurns,DAL,WR48,8,48,238,114.4,29.4,118,4
115,,Patrick Mahomes,KC,QB15,12,56,196,122.4,22.8,120,5
116,,Jared Goff,LAR,QB16,12,69,178,122.5,21.4,116,0
117,,C.J. Anderson,CAR,RB40,4,58,193,119.4,27.7,110,-7
118,,Marcus Mariota,TEN,QB17,8,55,185,125.2,22.7,125,7
119,,Ty Montgomery,GB,RB41,7,40,182,119.1,26.3,114,-5
120,,D.J. Moore,CAR,WR49,4,70,227,121.2,24.5,117,-3
121,,Rishard Matthews,TEN,WR50,8,34,238,125.3,32.5,148,27
122,,James White,NE,RB42,11,61,217,126.9,28.6,137,15
123,,Giovani Bernard,CIN,RB43,9,69,256,126.8,30,121,-2
124,,Alex Smith,WAS,QB18,4,50,200,134.5,25,127,3
125,,Josh Doctson,WAS,WR51,4,81,247,128.2,23.8,147,22
126,,Cameron Meredith,NO,WR52,6,74,258,129.9,31.7,130,4
127,,O.J. Howard,TB,TE14,5,69,245,139.5,29.2,149,22
128,,Dak Prescott,DAL,QB19,8,76,204,138.5,24.8,135,7
129,,Kenny Golladay,DET,WR53,6,85,247,134.3,28.2,146,17
130,,Charles Clay,BUF,TE15,11,79,211,138,23.7,174,44
131,,Aaron Jones,GB,RB44,7,51,225,136.4,31.7,112,-19
132,,Tyler Eifert,CIN,TE16,9,82,221,140.1,24.4,136,4
133,,Theo Riddick,DET,RB45,6,81,269,137.2,28.9,150,17
134,,Jacksonville (JAC),,DST1,9,75,260,140.3,24.6,111,-23
135,,Tyler Lockett,SEA,WR54,7,79,221,134.6,29.9,151,16
136,,Devontae Booker,DEN,RB46,10,83,260,137,31.8,129,-7
137,,Eric Ebron,IND,TE17,9,59,267,142.3,29,202,65
138,,Bilal Powell,NYJ,RB47,11,83,222,139.1,29.1,170,32
139,,Nick Chubb,CLE,RB48,11,90,232,138.5,26.1,108,-31
140,,Jared Cook,OAK,TE18,7,80,232,146.6,24.8,178,38
141,,Cameron Brate,TB,TE19,5,76,233,147.5,24.3,168,27
142,,Mike Williams,LAC,WR55,8,68,233,137.1,38.3,138,-4
143,,Minnesota (MIN),,DST2,10,78,262,148.1,25,131,-12
144,,Anthony Miller,CHI,WR56,5,91,245,141,34.3,152,8
145,,Peyton Barber,TB,RB49,5,62,244,145.1,36,158,13
146,,Mohamed Sanu,ATL,WR57,8,63,262,147.8,42.9,167,21
147,,Corey Clement,PHI,RB50,9,83,267,146,32.1,141,-6
148,,Calvin Ridley,ATL,WR58,8,76,238,144.6,31.7,126,-22
149,,DeSean Jackson,TB,WR59,5,99,242,147.4,32.6,171,22
150,,Derek Carr,OAK,QB20,7,71,211,156.3,25.2,132,-18
151,,Philadelphia (PHI),,DST3,9,81,282,157.2,26.5,134,-17
152,,Nyheim Hines,IND,RB51,9,82,261,149.3,35,143,-9
153,,Blake Bortles,JAC,QB21,9,61,220,157.2,26.9,179,26
154,,Los Angeles (LAR),,DST4,12,83,261,158,27,122,-32
155,,Austin Seferian-Jenkins,JAC,TE20,9,97,222,155.4,27.4,164,9
156,,Chris Godwin,TB,WR60,5,98,215,147.5,32.1,175,19
157,,Matt Breida,SF,RB52,11,35,244,154.6,30.8,156,-1
158,,Michael Gallup,DAL,WR61,8,76,214,143.5,33.7,139,-19
159,,Dez Bryant,FA,WR62,,48,243,144.2,42.9,142,-17
160,,Mitch Trubisky,CHI,QB22,5,85,202,161,21.8,162,2
161,,Paul Richardson,WAS,WR63,4,103,265,153.5,34.3,160,-1
162,,Samaje Perine,WAS,RB53,4,66,272,159,46,161,-1
163,,Eli Manning,NYG,QB23,9,95,218,163.9,23.3,182,19
164,,Tyrell Williams,LAC,WR64,8,77,262,149.8,38.9,195,31
165,,Benjamin Watson,NO,TE21,6,112,278,166.1,38.1,199,34
166,,Los Angeles (LAC),,DST5,8,91,286,164,27.7,155,-11
167,,Houston (HOU),,DST6,10,96,290,165.9,26.6,154,-13
168,,Denver (DEN),,DST7,10,88,267,167.2,23.8,169,1
169,,Ricky Seals-Jones,ARI,TE22,9,72,261,167.5,32.2,223,54
170,,Case Keenum,DEN,QB24,10,68,227,168.7,27.7,184,14
171,,Latavius Murray,MIN,RB54,10,97,243,165.5,26.8,145,-26
172,,Austin Hooper,ATL,TE23,8,89,252,167,28.6,214,42
173,,Stephen Gostkowski,NE,K1,11,92,313,171,27.2,133,-40
174,,Baltimore (BAL),,DST8,10,86,291,173.8,26.1,159,-15
175,,Andy Dalton,CIN,QB25,9,111,275,175.2,28.4,183,8
176,,Frank Gore,MIA,RB55,11,111,229,168.7,24.4,220,44
177,,Jameis Winston,TB,QB26,5,106,229,174,27.5,166,-11
178,,D'Onta Foreman,HOU,RB56,10,104,257,169,33.6,144,-34
179,,Jordan Wilkins,IND,RB57,9,93,265,169,39.8,173,-6
180,,Justin Tucker,BAL,K2,10,93,317,175.1,27.7,140,-40
181,,Vance McDonald,PIT,TE24,7,101,252,175.4,31.2,207,26
182,,John Brown,BAL,WR65,10,88,254,167,41.1,201,19
183,,John Ross,CIN,WR66,9,36,289,175.4,51.1,187,4
184,,Greg Zuerlein,LAR,K3,12,94,311,176.6,27.2,128,-56
185,,Austin Ekeler,LAC,RB58,8,89,278,174.2,39.3,206,21
186,,Danny Amendola,MIA,WR67,11,91,256,168.4,37.3,191,5
187,,Dede Westbrook,JAC,WR68,9,82,252,171.2,41.1,177,-10
188,,Ted Ginn,NO,WR69,6,105,273,171.4,38.4,181,-7
189,,Mike Gesicki,MIA,TE25,11,112,289,177.6,36.7,180,-9
190,,Doug Martin,OAK,RB59,7,118,263,175,32.1,157,-33
191,,Robert Kelley,WAS,RB60,4,65,266,167.2,43.1,165,-26
192,,Tyrod Taylor,CLE,QB27,11,94,256,181.9,33.1,176,-16
193,,Ryan Grant,IND,WR70,9,103,269,174.1,47,281,88
194,,LeGarrette Blount,DET,RB61,6,96,269,182,33.5,153,-41
195,,Javorius Allen,BAL,RB62,10,89,268,181.9,41.2,210,15
196,,Matt Bryant,ATL,K4,8,97,363,183.8,33.7,198,2
197,,Martavis Bryant,OAK,WR71,7,100,244,172.4,35.2,163,-34
198,,Keelan Cole,JAC,WR72,9,96,271,180.6,47.2,186,-12
199,,T.J. Yeldon,JAC,RB63,9,105,268,180.9,36.8,219,20
200,,Cole Beasley,DAL,WR73,8,88,274,176.2,43.9,247,47
201,,Hayden Hurst,BAL,TE26,10,106,284,182.3,40.3,172,-29
202,,Christian Kirk,ARI,WR74,9,95,253,177.9,39.1,190,-12
203,,New Orleans (NO),,DST9,6,101,295,187.7,27.4,196,-7
204,,Quincy Enunwa,NYJ,WR75,11,100,276,183.3,41.4,250,46
205,,Ryan Tannehill,MIA,QB28,11,71,329,192.8,34.5,216,11
206,,Mike Wallace,PHI,WR76,9,111,261,185.6,41.3,259,53
207,,Seattle (SEA),,DST10,7,110,349,193.1,37.3,246,39
208,,Geronimo Allison,GB,WR77,7,101,249,178.3,38.2,194,-14
209,,Wil Lutz,NO,K5,6,100,361,189.4,30.8,188,-21
210,,Kenneth Dixon,BAL,RB64,10,115,279,183,37,231,21
211,,Donte Moncrief,JAC,WR78,9,81,307,188.4,48.3,234,23
212,,Chris Ivory,BUF,RB65,11,134,279,184.1,34.3,227,15
213,,Darren Sproles,PHI,RB66,9,126,264,190,36.9,249,36
214,,New England (NE),,DST11,11,105,306,191.5,25.7,185,-29
215,,Corey Coleman,BUF,WR79,11,104,261,189.1,42.9,255,40
216,,Pittsburgh (PIT),,DST12,7,103,321,193.7,26.9,197,-19
217,,Carolina (CAR),,DST13,4,108,304,193.7,26,200,-17
218,,Kalen Ballage,MIA,RB67,11,100,469,208.2,71,204,-14
219,,Jake Elliott,PHI,K6,9,104,550,204.4,55.8,193,-26
220,,Kansas City (KC),,DST14,12,119,360,202.1,36,228,8
221,,Matt Prater,DET,K7,6,109,328,198.1,29.2,221,0
222,,Spencer Ware,KC,RB68,12,131,280,200.8,37,218,-4
223,,Albert Wilson,MIA,WR80,11,123,277,200.4,42,267,44
224,,Chicago (CHI),,DST15,5,123,302,201.6,26.9,225,1
225,,Wayne Gallman,NYG,RB69,9,120,358,208.5,50.2,327,102
226,,Courtland Sutton,DEN,WR81,10,124,269,204.3,41.5,209,-17
227,,Dan Bailey,DAL,K8,8,112,362,202.1,34.4,208,-19
228,,James Washington,PIT,WR82,7,99,270,204.2,43.7,236,8
229,,Jermaine Kearse,NYJ,WR83,11,95,270,206.5,42.1,239,10
230,,Atlanta (ATL),,DST16,8,127,356,205.2,30.6,280,50
231,,Chris Boswell,PIT,K9,7,117,370,203.9,32.2,189,-42
232,,Joe Flacco,BAL,QB29,10,102,262,207.6,31.3,245,13
233,,Arizona (ARI),,DST17,9,126,320,207.8,29.9,224,-9
234,,Jake Butt,DEN,TE27,10,99,296,218.8,44.6,252,18
235,,Harrison Butker,KC,K10,12,118,371,205.9,32.3,205,-30
236,,Mason Crosby,GB,K11,7,121,367,207.6,31.9,213,-23
237,,Brandon Marshall,SEA,WR84,7,137,283,209.4,40.2,287,50
238,,Corey Grant,JAC,RB70,9,53,290,223.2,55.9,297,59
239,,Tyler Kroft,CIN,TE28,9,24,287,223.8,53.6,320,81
240,,Jeremy Hill,NE,RB71,11,79,514,233,77,238,-2
241,,Taywan Taylor,TEN,WR85,8,135,279,219.7,43.1,283,42
242,,Luke Willson,DET,TE29,6,147,295,212.1,38.8,291,49
243,,Dallas Goedert,PHI,TE30,9,23,310,216.5,68.1,257,14
244,,Vernon Davis,WAS,TE31,4,135,268,212.1,32.3,290,46
245,,C.J. Prosise,SEA,RB72,7,150,293,230.1,45.6,294,49
246,,Dante Pettis,SF,WR86,11,118,371,222.2,49.2,266,20
247,,Terrance Williams,DAL,WR87,8,111,275,212.5,40.6,254,7
248,,Tyler Boyd,CIN,WR88,9,106,307,216.3,65.3,383,135
249,,Robbie Gould,SF,K12,11,124,372,212.6,36.6,217,-32
250,,Jordan Matthews,FA,WR89,,119,411,237.8,71.8,229,-21
251,,Willie Snead,BAL,WR90,10,133,296,225.7,41,277,26
252,,Terrelle Pryor,NYJ,WR91,11,120,278,219.2,37.1,240,-12
253,,Tennessee (TEN),,DST18,8,111,357,222,44,222,-31
254,,Blake Jarwin,DAL,TE32,8,43,341,236.9,74.3,317,63
255,,Green Bay (GB),,DST19,7,155,358,222.4,34.8,284,29
256,,Ameer Abdullah,DET,RB73,6,137,352,223.3,43.3,272,16
257,,Cincinnati (CIN),,DST20,9,107,339,225.4,37.6,334,77
258,,Graham Gano,CAR,K13,4,122,387,217.8,35.4,232,-26
259,,Chase Edmonds,ARI,RB74,9,150,280,225.9,39.3,261,2
260,,Sam Bradford,ARI,QB30,9,167,476,223.8,51.7,270,10
261,,Nick Vannett,SEA,TE33,7,145,312,228.3,48.5,349,88
262,,Lamar Jackson,BAL,QB31,10,153,534,246.7,83.3,212,-50
263,,Adam Vinatieri,IND,K14,9,116,369,219,34.8,230,-33
264,,Kai Forbath,MIN,K15,10,128,375,230.7,47,235,-29
265,,Ryan Succop,TEN,K16,8,125,389,219.8,42.4,262,-3
266,,Tyler Higbee,LAR,TE34,12,50,356,250.6,78.3,376,110
267,,Jonathan Stewart,NYG,RB75,9,164,306,239.2,39.9,237,-30
268,,New York (NYG),,DST21,9,171,359,224,38.6,298,30
269,,Trent Taylor,SF,WR92,11,133,290,241.8,43.8,353,84
270,,Eric Decker,NE,WR93,11,134,289,223,33.1,192,-78
271,,John Kelly,LAR,RB76,12,152,316,253.6,51.3,279,8
272,,Tre'Quan Smith,NO,WR94,6,152,315,243.2,53.7,271,-1
273,,Antonio Gates,FA,TE35,,159,331,235.6,44.9,264,-9
274,,Tavon Austin,DAL,WR95,8,117,326,255.7,53.1,241,-33
275,,Adam Shaheen,CHI,TE36,5,160,295,230.4,38.4,313,38
276,,Cleveland (CLE),,DST22,11,114,382,261.6,71.7,275,-1
277,,Alfred Morris,SF,RB77,11,144,309,225.9,46.4,356,79
278,,Gerald Everett,LAR,TE37,12,169,349,241.1,41.5,303,25
279,,Charles Sims,TB,RB78,5,168,350,247.6,47.2,321,42
280,,Jesse James,PIT,TE38,7,142,340,246,40.3,324,44
281,,Ed Dickson,SEA,TE39,7,153,304,243.1,42.1,286,5
282,,Elijah McGuire,NYJ,RB79,11,157,410,251.9,48,289,7
283,,Keke Coutee,HOU,WR96,10,123,397,259.5,61.7,299,16
284,,Brandon McManus,DEN,K17,10,160,365,232.4,40,260,-24
285,,Taylor Gabriel,CHI,WR97,5,123,292,247.6,40.3,296,11
286,,Antonio Callaway,CLE,WR98,11,129,345,250.8,50.3,256,-30
287,,James Conner,PIT,RB80,7,154,335,266.2,49.7,253,-34
288,,Rod Smith,DAL,RB81,8,169,326,263.4,47.7,288,0
289,,Kyle Juszczyk,SF,RB82,11,159,321,247.8,50.3,,
290,,Cairo Santos,NYJ,K18,11,166,388,252.2,57.7,242,-48
291,,Equanimeous St. Brown,GB,WR99,7,127,382,268,70.6,363,72
292,,Stephen Anderson,HOU,TE40,10,161,301,249.6,38.2,265,-27
293,,Josh McCown,NYJ,QB32,11,181,329,241,38.5,302,9
294,,Chester Rogers,IND,WR100,9,161,302,246.8,41.7,332,38
295,,Ka'imi Fairbairn,HOU,K19,10,168,392,262.6,55.8,248,-47
296,,C.J. Fiedorowicz,FA,TE41,,161,248,209,39.1,,
297,,Josh Hill,NO,TE42,6,176,329,245.3,55.2,,
298,,Jeremy Maclin,FA,WR101,,141,295,247.7,45.6,293,-5
299,,Travis Benjamin,LAC,WR102,8,155,307,251.8,40.1,295,-4
300,,D.J. Chark,JAC,WR103,9,145,428,265.3,73,273,-27
301,,Buffalo (BUF),,DST23,11,180,374,249.5,51.2,314,13
302,,Joe Williams,SF,RB83,11,157,348,260.8,44.9,306,4
303,,Dallas (DAL),,DST24,8,168,381,265.4,59.6,274,-29
304,,Detroit (DET),,DST25,6,178,376,267.4,53.6,278,-26
305,,Steven Hauschka,BUF,K20,11,164,395,270.1,60.2,319,14
306,,Josh Allen,BUF,QB33,11,172,523,265.8,86.3,263,-43
307,,Jonathan Williams,NO,RB84,6,153,328,266.3,68.2,,
308,,Josh Lambo,JAC,K21,9,170,377,240.9,45.8,258,-50
309,,Brice Butler,ARI,WR104,9,164,321,255.3,36.7,347,38
310,,Sam Darnold,NYJ,QB34,11,185,510,261.9,66.6,211,-99
311,,Mack Hollins,PHI,WR105,9,157,370,261,53.6,394,83
312,,Washington (WAS),,DST26,4,179,380,274.6,60,233,-79
313,,Teddy Bridgewater,NYJ,QB35,11,175,412,268.2,70.2,333,20
314,,Kenny Britt,NE,WR106,11,165,319,269.4,36.6,344,30
315,,Akrum Wadley,TEN,RB85,8,165,467,316,151,,
316,,Chad Williams,ARI,WR107,9,176,376,267,44.5,369,53
317,,Tampa Bay (TB),,DST27,5,185,378,265.8,59.7,318,1
318,,Adam Humphries,TB,WR108,5,171,335,239,50.4,362,44
319,,Garrett Celek,SF,TE43,11,171,340,267.9,43.4,384,65
320,,DeAndre Washington,OAK,RB86,7,171,405,285.7,51.9,340,20
321,,Blair Walsh,FA,K22,,175,320,249.4,48.7,,
322,,J.J. Nelson,ARI,WR109,9,189,306,255,37.5,357,35
323,,San Francisco (SF),,DST28,11,188,379,283.4,61.8,311,-12
324,,Josh Rosen,ARI,QB36,9,179,329,272.9,48,215,-109
325,,Jaylen Samuels,PIT,TE44,7,182,362,263.3,57.2,276,-49
326,,Kevin White,CHI,WR110,5,183,372,261,46.6,309,-17
327,,Justin Jackson,LAC,RB87,8,183,481,308.7,68.5,330,3
328,,Daniel Carlson,MIN,K23,10,188,391,269,54.2,226,-102
329,,Robert Turbin,IND,RB88,9,184,407,295.9,52.5,374,45
330,,Mark Walton,CIN,RB89,9,184,483,309.2,71,341,11
331,,Ryan Griffin,HOU,TE45,10,187,320,243.6,39.5,305,-26
332,,Zay Jones,BUF,WR111,11,187,293,251.8,29,307,-25
333,,Oakland (OAK),,DST29,7,188,385,278.2,78.9,,
334,,Nick Foles,PHI,QB37,9,188,526,350.7,138.3,292,-42
335,,Kendall Wright,MIN,WR112,10,195,313,264.2,35.3,372,37
336,,De'Angelo Henderson,DEN,RB90,10,190,322,276.9,41.6,312,-24
337,,Ryan Fitzpatrick,TB,QB38,5,190,524,303.6,95.3,342,5
338,,Miami (MIA),,DST30,11,191,384,294.6,78.2,,
339,,Jordan Akins,HOU,TE46,10,192,317,262.8,45.5,377,38
340,,Curtis Samuel,CAR,WR113,4,192,325,266.3,37.3,352,12
341,,AJ McCarron,BUF,QB39,11,192,328,284.7,41.3,329,-12
342,,Jaron Brown,SEA,WR114,7,198,342,257.6,32.4,351,9
343,,Baker Mayfield,CLE,QB40,11,197,525,276.4,70.9,203,-140
344,,Virgil Green,LAC,TE47,8,198,300,248.8,29.2,308,-36
345,,Cody Latimer,NYG,WR115,9,198,305,252,37.8,373,28
346,,Boston Scott,NO,RB91,6,198,492,326.2,74.8,358,12
347,,Jalen Richard,OAK,RB92,7,199,339,271.2,40.1,370,23
348,,Bruce Ellington,HOU,WR116,10,235,281,258,23,,
349,,Clive Walford,NYJ,TE48,11,227,314,263.3,36.9,,
350,,Caleb Sturgis,LAC,K24,8,202,396,267.8,50.4,,
351,,Torrey Smith,CAR,WR117,4,210,329,270.9,30,350,-1
352,,Malcolm Mitchell,FA,WR118,,260,282,271,11,300,-52
353,,Daurice Fountain,IND,WR119,9,215,328,271.5,56.5,396,43
354,,Cordarrelle Patterson,NE,WR120,11,261,281,272,8.3,345,-9
355,,Wendell Smallwood,PHI,RB93,9,272,272,272,0,,
356,,New York (NYJ),,DST31,11,207,383,273.6,70.6,268,-88
357,,J.D. McKissic,SEA,RB94,7,274,276,275,1,354,-3
358,,Seth Roberts,OAK,WR121,7,224,361,277.4,51.1,386,28
359,,Mark Andrews,BAL,TE49,10,206,337,278.6,42,316,-43
360,,Jonnu Smith,TEN,TE50,8,248,327,281.5,25.1,310,-50
361,,Mike Gillislee,NE,RB95,11,238,364,281.8,36.2,361,0
362,,Jordan Leggett,NYJ,TE51,11,225,342,282.5,47.3,,
363,,Breshad Perriman,BAL,WR122,10,243,324,283.5,40.5,,
364,,Phil Dawson,ARI,K25,9,204,390,284.1,56.9,359,-5
365,,Chris Herndon IV,NYJ,TE52,11,260,336,286.5,27.5,375,10
366,,Adrian Peterson,FA,RB96,,272,317,288.8,16.6,336,-30
367,,J'Mon Moore,GB,WR123,7,202,378,288.8,57.5,285,-82
368,,Jermaine Gresham,ARI,TE53,9,250,352,289.1,32,,
369,,Laquon Treadwell,MIN,WR124,10,240,346,289.8,42.1,360,-9
370,,Jeremy Kerley,BUF,WR125,11,239,333,290.8,34.2,,
371,,Chris Conley,KC,WR126,12,240,353,292.5,40.8,,
372,,Marquez Valdes-Scantling,GB,WR127,7,238,384,293,64.8,379,7
373,,Dustin Hopkins,WAS,K26,4,204,397,293.1,56.1,378,5
374,,Ryan Switzer,OAK,WR128,7,226,388,293.3,61.2,398,24
375,,Josh Malone,CIN,WR129,9,243,344,293.5,50.5,,
376,,Jakeem Grant,MIA,WR130,11,227,343,294.5,42.4,400,24
377,,Dalton Schultz,DAL,TE54,8,268,323,295.5,27.5,,
378,,Nick O'Leary,BUF,TE55,11,272,333,296.8,23.9,,
379,,Nick Boyle,BAL,TE56,10,257,337,297,40,,
380,,Pharoh Cooper,LAR,WR131,12,238,358,298,60,393,13
381,,Keith Smith,OAK,RB97,7,273,327,298,22.3,,
382,,Mike Davis,SEA,RB98,7,234,332,298.8,33.1,,
383,,Demarcus Robinson,KC,WR132,12,267,337,299,28.9,,
384,,Jeff Heuerman,DEN,TE57,10,275,316,299.8,15.1,326,-58
385,,Kamar Aiken,PHI,WR133,9,267,334,300.5,33.5,,
386,,Andre Holmes,BUF,WR134,11,285,316,300.5,15.5,,
387,,Elijhaa Penny,ARI,RB99,9,280,322,301,21,,
388,,Alfred Blue,HOU,RB100,10,245,373,301.5,39.1,355,-33
389,,Terrance West,NO,RB101,6,249,368,301.8,32.8,368,-21
390,,Braedon Bowman,LAC,TE58,8,277,324,302,19.3,,
391,,Tajae Sharpe,TEN,WR135,8,292,312,302,10,412,21
392,,Demetrius Harris,KC,TE59,12,281,325,307,16.1,,
393,,Seth DeValve,CLE,TE60,11,286,334,307.8,17.4,,
394,,Cameron Artis-Payne,CAR,RB102,4,219,405,308,65.8,323,-71
395,,Niles Paul,JAC,TE61,9,298,319,308.5,10.5,,
396,,TJ Jones,DET,WR136,6,228,403,308.6,60.6,,
397,,Jacquizz Rodgers,TB,RB103,5,229,420,309.4,53.3,348,-49
398,,Josh Reynolds,LAR,WR137,12,280,355,309.5,31.6,,
399,,Amara Darboh,SEA,WR138,7,291,330,310,15.9,,
400,,Charcandrick West,KC,RB104,12,244,465,310.2,82.4,410,10
401,,Travaris Cadet,BUF,RB105,11,277,355,310.3,22.9,367,-34
402,,Marcedes Lewis,GB,TE62,7,291,343,311,22.9,413,11
403,,Brandon LaFell,FA,WR139,,268,408,311.1,49.7,346,-57
404,,Chandler Catanzaro,TB,K27,5,209,394,311.4,52.4,,
405,,Carlos Henderson,DEN,WR140,10,275,350,312.5,37.5,,
406,,Cody Parkey,CHI,K28,5,209,399,313.6,51.3,,
407,,Orleans Darkwa,FA,RB106,,236,409,314.3,47.2,343,-64
408,,Giorgio Tavecchio,FA,K29,,265,398,315.7,58.7,,
409,,Jacob Hollister,NE,TE63,11,233,373,316.7,60.3,,
410,,Chris Moore,BAL,WR141,10,284,350,317,33,,
411,,Thomas Rawls,NYJ,RB107,11,233,503,320.1,66.4,408,-3
412,,Logan Paulsen,ATL,TE64,8,310,332,321,11,,
413,,Benny Cunningham,CHI,RB108,5,288,346,321.3,24.5,,
414,,Indianapolis (IND),,DST32,9,219,386,322.7,73.9,,
415,,Roger Lewis,NYG,WR142,9,287,379,322.7,40.3,,
416,,Dwayne Allen,NE,TE65,11,319,330,324.5,5.5,380,-36
417,,Derek Carrier,OAK,TE66,7,318,340,329,11,,
418,,Ito Smith,ATL,RB109,8,229,482,329.3,76.2,337,-81
419,,Rico Gathers,DAL,TE67,8,288,414,329.5,45.3,269,-150
420,,Sebastian Janikowski,SEA,K30,7,290,393,331,44.6,,
421,,Shane Vereen,NO,RB110,6,229,509,335,124,304,-117
422,,Bo Scarbrough,DAL,RB111,8,218,513,339,108.4,282,-140
423,,Rhett Ellison,NYG,TE68,9,338,354,346,8,,
424,,Darrius Heyward-Bey,PIT,WR143,7,294,401,347.5,53.5,,
425,,Jacoby Brissett,IND,QB41,9,251,532,350.6,95.8,322,-103
426,,Malcolm Brown,LAR,RB112,12,290,432,358.3,58.1,406,-20
427,,Justin Hardy,ATL,WR144,8,311,406,358.5,47.5,,
428,,Phillip Dorsett,NE,WR145,11,233,490,361.5,128.5,331,-97
429,,Levine Toilolo,DET,TE69,6,341,391,366,25,,
430,,T.J. Logan,ARI,RB113,9,293,485,367,84.3,,
431,,DaeSean Hamilton,DEN,WR146,10,347,395,371,24,315,-116
432,,Mack Brown,MIN,RB114,10,404,415,409.5,5.5,,
433,,D.J. Foster,ARI,RB115,9,354,491,422.5,68.5,,
434,,Trey Edmunds,NO,RB116,6,345,507,426,81,,
435,,David Fluellen,TEN,RB117,8,413,487,450,37,,
